"1","1.0"," 0.9650466912498236"," 0.1742220549080039"," 0.47545262794251064"," 0.8937155686720863"," 0.3212558683458324"," 0.3707735029492918"," 0.6240897471787753"," 0.47472594870200113"," 0.4589630822970816"," 0.6743881643572718"
"2","2.0"," 0.26291597499924124"," 0.6133847413164016"," 0.5886079454057134"," 0.3894044972474042"," 0.8340459527090417"," 0.5813032051541337"," 0.004711811611094685"," 0.24414851006911942"," 0.574947832270945"," 0.9372125927898001"
"3","3.0"," 0.8235992438719458"," 0.6151837425696769"," 0.6808248937363466"," 0.23111112609068996"," 0.9349877914793641"," 0.13723125218627585"," 0.5159354795183118"," 0.2983981900068894"," 0.9344320042741913"," 0.5425803386501298"
"4","4.0"," 0.1669875959118442"," 0.6025014087612787"," 0.9643596475807044"," 0.5645141007652457"," 0.3774210710210353"," 0.0306780776133585"," 0.16702633400048705"," 0.1916345324412908"," 0.4747731293159264"," 0.4598668406702424"
"5","5.0"," 0.6396207394834824"," 0.2821647399706747"," 0.72456793580688"," 0.4256553919493131"," 0.7060638847157782"," 0.10199264541668651"," 0.4763641299736896"," 0.9629155657363236"," 0.956164150880381"," 0.5965153228524999"
"6","6.0"," 0.8070660672675732"," 0.6306990037855262"," 0.12257935967333211"," 0.9576242378701108"," 0.8086714883705433"," 0.6608952330026131"," 0.1054439812331035"," 0.32694462267884117"," 0.28782607929243087"," 0.05013857150592427"
"7","7.0"," 0.318570401924124"," 0.012182439602584916"," 0.20694083836722632"," 0.4728209318741676"," 0.6023254196931067"," 0.34984239229411107"," 0.6927659316512862"," 0.5343657706448445"," 0.09205323636593721"," 0.5534547706943496"
"8","8.0"," 0.38483109387270387"," 0.1547349700064402"," 0.12068009062221663"," 0.3389401787410895"," 0.8888022977398172"," 0.8398695270746619"," 0.9793541731329874"," 0.9660845392196012"," 0.9623878500103356"," 0.44064645153002835"
"9","9.0"," 0.5376409961709788"," 0.33770140993006914"," 0.09973559597830428"," 0.17997791314941847"," 0.4699805237112573"," 0.08965957646149025"," 0.7006229908969419"," 0.04612155364755943"," 0.0732338597238883"," 0.242983357123851"
"10","10.0"," 0.6422246112327746"," 0.0848598602157633"," 0.2777617150592595"," 0.23569871307348833"," 0.32306472509998563"," 0.954931342056719"," 0.6407725725422034"," 0.8540008329806145"," 0.736521545166493"," 0.8661051768791523"
"1","1.0"," 0.7037602327406367"," 0.994443890257343"," 0.34921248090202794"," 0.9182918426835549"," 0.7857429218271156"," 0.2169924940068968"," 0.8672899888657104"," 0.19628933941108295"," 0.23230002779161174"," 0.07242143792390754"
"2","2.0"," 0.2741363144479755"," 0.17046296761490365"," 0.1790421713329885"," 0.29817022742814203"," 0.00460772834455514"," 0.24137210162622558"," 0.5020188539836542"," 0.8475327101948197"," 0.1546650408056104"," 0.4064456031091481"
"3","3.0"," 0.301282540986315"," 0.23398701093152574"," 0.036067422241395475"," 0.18132639386222182"," 0.05865818950683577"," 0.1116294710323078"," 0.25019909373802085"," 0.32826703000421986"," 0.18815889191431012"," 0.8070648362053243"
"4","4.0"," 0.020452887672565145"," 0.5510653743052001"," 0.19077146600863282"," 0.20538643893698194"," 0.8219227159131187"," 0.055519459634872925"," 0.6371281938341852"," 0.032018190588520956"," 0.26834897365861543"," 0.05050298174752754"
"5","5.0"," 0.12325611699680161"," 0.9147275125013187"," 0.4339371813515729"," 0.686190854311129"," 0.8254868620790003"," 0.17810999040581388"," 0.18213351535070943"," 0.2707234873210126"," 0.09075170783960962"," 0.8324225099136457"
"6","6.0"," 0.8222830468689478"," 0.7255158104779268"," 0.8876723526629954"," 0.6816024846177279"," 0.6489312651006509"," 0.8314772561066677"," 0.6613225622767518"," 0.3858262824719595"," 0.20145749942939473"," 0.7030566795115555"
"7","7.0"," 0.6699880279767804"," 0.8657162493662285"," 0.9080416942406548"," 0.9008162522894754"," 0.3947413452251447"," 0.7650550791586619"," 0.6616541443358943"," 0.36497171646168025"," 0.2848353847786592"," 0.10723000091634827"
"8","8.0"," 0.5339733596159444"," 0.7367090092325462"," 0.8643477593731469"," 0.4840051565378346"," 0.2197871496365008"," 0.6937721630963942"," 0.7401114080144373"," 0.22218347966612573"," 0.7580314830701855"," 0.8496514423108714"
"9","9.0"," 0.4253578302191091"," 0.3709377218301072"," 0.37458983772107346"," 0.9446899564589277"," 0.2469767431174189"," 0.1510324129377647"," 0.010889798074998125"," 0.5941525059344412"," 0.36017649545073416"," 0.16488966900365554"
"10","10.0"," 0.3588415094468689"," 0.9002292621120255"," 0.4733882562296001"," 0.44162799119936624"," 0.2722532959013184"," 0.21715575254859731"," 0.142199738517376"," 0.9789473327693853"," 0.31823688597284927"," 0.6970065516576491"
"1","1.0"," 0.1617675902195297"," 0.1902739683829916"," 0.2186901424911465"," 0.5381155499287238"," 0.8930215175720745"," 0.2117952949630536"," 0.4848428206710135"," 0.9721397153694084"," 0.17328814935604708"," 0.529893625061873"
"2","2.0"," 0.2620328387189802"," 0.8154095388662642"," 0.982383160906947"," 0.5512883045358773"," 0.3802168912181947"," 0.6508768137927349"," 0.620867040512915"," 0.05738707398189058"," 0.857656492807549"," 0.049229236651097685"
"3","3.0"," 0.3151386622346797"," 0.9857526836053445"," 0.06488295593059712"," 0.3727293108935539"," 0.42276695492230354"," 0.7968448636453449"," 0.43539435777079694"," 0.6548422522418681"," 0.27085099033993265"," 0.0616285757922721"
"4","4.0"," 0.7131063944291394"," 0.22865558869071656"," 0.6676774623228243"," 0.7341415498476795"," 0.3760880633559184"," 0.11398301548482692"," 0.11274979103338245"," 0.2995676425309425"," 0.18485752322758553"," 0.7232467939061246"
"5","5.0"," 0.7681071533753964"," 0.12753327180159035"," 0.13553517092589873"," 0.19455342474150084"," 0.525809054812227"," 0.26655202246911924"," 0.5967228219352796"," 0.15026401941704992"," 0.6861402159304983"," 0.44643029886345176"
"6","6.0"," 0.2841570499645445"," 0.41509668704778"," 0.8924751073769024"," 0.9264984773156971"," 0.7172111170307173"," 0.5266268234416963"," 0.18088242788595954"," 0.23504129080588376"," 0.4616788559281143"," 0.7164172734471034"
"7","7.0"," 0.5823623067663456"," 0.6371797089885411"," 0.7511168020805392"," 0.1221568053422255"," 0.7050794598771855"," 0.15835644799442228"," 0.7794339943463112"," 0.36781012181261163"," 0.754684150343822"," 0.2904119340542113"
"8","8.0"," 0.7350142245739969"," 0.29793956815569844"," 0.2781158696230872"," 0.8649562114289705"," 0.44548664143760974"," 0.3586980298925113"," 0.14131201337590615"," 0.812162804145608"," 0.11555661046482113"," 0.32818297645588346"
"9","9.0"," 0.9856267903360908"," 0.6059116964100509"," 0.7553246510742667"," 0.5032426810510242"," 0.8490674351241186"," 0.40408443035432795"," 0.718351403953991"," 0.9191537838145093"," 0.33525924635116355"," 0.618365321294591"
"10","10.0"," 0.7719047386836718"," 0.896022221287993"," 0.2854979998769378"," 0.8463578869931673"," 0.09877624783794559"," 0.3925527442993153"," 0.17260249766206748"," 0.8888234204395826"," 0.7795289269645955"," 0.9595235657643296"
"1","1.0"," 0.02231027709519784"," 0.06922822727157174"," 0.8885100186194627"," 0.440666780898075"," 0.32249523830321547"," 0.2191785289801269"," 0.7056270852106682"," 0.20480674833146695"," 0.29913508139601763"," 0.04085732460364566"
"2","2.0"," 0.008169756987502108"," 0.7721321400428207"," 0.5031425262376076"," 0.9004344495825133"," 0.9756928158124465"," 0.6961894812429475"," 0.28950409998327986"," 0.4941263195626002"," 0.48540192111846525"," 0.9636759022281303"
"3","3.0"," 0.4354966661466976"," 0.8552214653205623"," 0.8776633654118156"," 0.4466396856867061"," 0.9720061799813211"," 0.23290284718818288"," 0.2406697673914534"," 0.7454174443997699"," 0.4541730384748336"," 0.08736167319282462"
"4","4.0"," 0.2080814233266537"," 0.9811509347015778"," 0.9271227033250455"," 0.8113755262209372"," 0.16893042383682177"," 0.8317064487465808"," 0.3764758274163976"," 0.25953449605253964"," 0.9493812059741957"," 0.2010749866870949"
"5","5.0"," 0.1758636310093309"," 0.5867050067131447"," 0.4467309624473951"," 0.24960761138158682"," 0.5490560352482319"," 0.8295321089580648"," 0.09794868717996907"," 0.26030251188963904"," 0.22693538220663423"," 0.10109835732433481"
"6","6.0"," 0.9597067260506269"," 0.2667012927002558"," 0.14539968364746803"," 0.2516073746944122"," 0.682422492224785"," 0.27346764210100427"," 0.6947889727659585"," 0.3840846577123648"," 0.5783546142329172"," 0.5986256660310052"
"7","7.0"," 0.7473103935146214"," 0.9057749922507163"," 0.9586892542733942"," 0.2652464189464465"," 0.8148193726401916"," 0.1784809711168428"," 0.038158507462452196"," 0.8095497566210613"," 0.5197107608978063"," 0.916268252309284"
"8","8.0"," 0.6319835173038246"," 0.05884022597422789"," 0.2683949255409984"," 0.498125013707824"," 0.531305639781978"," 0.9167796274786556"," 0.4902438450337605"," 0.5328107935804786"," 0.3571209374040659"," 0.2470799238875815"
"9","9.0"," 0.9757166208772938"," 0.7722544898908955"," 0.21519573973704564"," 0.08417796812428613"," 0.08311154263065323"," 0.13307341339314616"," 0.059107079543009755"," 0.22714163507867768"," 0.21404533119000035"," 0.8119692934976163"
"10","10.0"," 0.12364664118883273"," 0.08940082109415626"," 0.02316419067318143"," 0.37021415941198577"," 0.49324104055507767"," 0.923295313212098"," 0.173222608987056"," 0.6593721031506098"," 0.17150074265306714"," 0.7872901278313401"
"1","1.0"," 0.5159381902536769"," 0.8753915188674166"," 0.8862747864249905"," 0.12387018770001079"," 0.22917873113811504"," 0.45960739923752614"," 0.3178055818117739"," 0.7079179166420232"," 0.7104722281902148"," 0.550175022697943"
"2","2.0"," 0.33086207354611485"," 0.18216273948207196"," 0.4308972718211995"," 0.7760625227954739"," 0.8057709831532717"," 0.5797703242226134"," 0.11734403547188721"," 0.4726051999616342"," 0.6017936050231937"," 0.6790465242835471"
"3","3.0"," 0.041949023386194106"," 0.23430300949835037"," 0.4937881541996344"," 0.08549751948265272"," 0.25629271587361013"," 0.8617145037828571"," 0.39697152885377873"," 0.963953657366648"," 0.5715052809154053"," 0.6997212398844551"
"4","4.0"," 0.7931800700387134"," 0.15686118161393747"," 0.8711602362483757"," 0.8785965872100396"," 0.43294497180571834"," 0.4663856426602435"," 0.9194116056579437"," 0.8900245846845277"," 0.06906001582992727"," 0.6008580622866831"
"5","5.0"," 0.4657870397537591"," 0.46875992713618575"," 0.7975863577137827"," 0.4149954438155191"," 0.3519757465084742"," 0.9983117512347939"," 0.41932496120957274"," 0.7658080912005846"," 0.519614497587788"," 0.47412720714417345"
"6","6.0"," 0.05511840351946118"," 0.5604088143786182"," 0.977077176125704"," 0.8315343828247067"," 0.7912847657918879"," 0.5592202679416137"," 0.4853521017326695"," 0.13218389802285657"," 0.46766805672834366"," 0.9995949708745829"
"7","7.0"," 0.0126630836016558"," 0.9394900899491205"," 0.5822445086856846"," 0.020770227047221757"," 0.7817523859419949"," 0.9977763568303798"," 0.7711918226411603"," 0.04850282489935498"," 0.42006403094347744"," 0.526984274912633"
"8","8.0"," 0.012973842025753024"," 0.6963990709256034"," 0.13984490123877058"," 0.3920206412918127"," 4.363683167424304E-4"," 0.8928908175737889"," 0.6549643952984726"," 0.31218937261739543"," 0.31889462044018624"," 0.19309260099671866"
"9","9.0"," 0.05253449399934995"," 0.7371850933580298"," 0.4954611603806198"," 0.21552296769234258"," 0.38420617608905927"," 0.7075864856471494"," 0.743444409789706"," 0.06375616169729659"," 0.22105289327856348"," 0.009149181990560029"
"10","10.0"," 0.04628070510472049"," 0.9414812245034229"," 0.9907279589582576"," 0.30055132810050866"," 0.035513125380805644"," 0.2709717614832381"," 0.47921837985342175"," 0.7079972140842696"," 0.21855702823617207"," 0.3760973145814931"
"1","1.0"," 0.9079711291625016"," 0.308234311543788"," 0.9163739664804292"," 0.14575461751723084"," 0.23818368713374005"," 0.8185047584668708"," 0.5615887026043828"," 0.6716046687192014"," 0.23779018586027512"," 0.7596593994956983"
"2","2.0"," 0.8814219161327886"," 0.1156561033796536"," 0.6194092740280881"," 0.10695164832083603"," 0.5160760610730385"," 0.5961546937582983"," 0.7468416906447686"," 0.5087927947906967"," 0.2078313161627775"," 0.6616558565488158"
"3","3.0"," 0.5379432805685663"," 0.5162874559643281"," 0.5649802605591175"," 0.17882803662848434"," 0.6160878639500312"," 0.14436382491137334"," 0.12882413728517617"," 0.3576865916079608"," 0.11569289125494664"," 0.3688687372629599"
"4","4.0"," 0.6489233440857989"," 0.6264276496396306"," 0.8175607354635896"," 0.724861159635645"," 0.6040662866114805"," 0.8510461303255329"," 0.1931396967209572"," 0.25021796413348785"," 0.45384571428905907"," 0.3938460644985171"
"5","5.0"," 0.8435501321572516"," 0.70833356864273"," 0.4733236752259138"," 0.20804777932138518"," 0.9433132691596562"," 0.4382555555394658"," 0.6411759568925292"," 0.6081565756731604"," 0.5726341351569986"," 0.5560911644141325"
"6","6.0"," 0.2968148929142378"," 0.6781852088956749"," 0.5361619250558237"," 0.27301754388511124"," 0.3337079436507633"," 0.9592935356930876"," 0.7159307626848955"," 0.118030325636028"," 0.4755813343450127"," 0.6669545051446814"
"7","7.0"," 0.010755750867486924"," 0.9661511977726469"," 0.1510256562564548"," 0.2857458885376105"," 0.8947579844362835"," 0.321929545072108"," 0.5933535661876507"," 0.8254298468394946"," 0.1792272065756394"," 0.00938520295098344"
"8","8.0"," 0.027635463570711782"," 0.453410357763675"," 0.4716652262289269"," 0.8225652282861553"," 0.3620027590618118"," 0.7376733457497873"," 0.14648708555601941"," 0.8424769383629369"," 0.8750445734733118"," 0.4128224740465414"
"9","9.0"," 0.2354996187950522"," 0.8894131446997929"," 0.10071149644541022"," 0.9860198502436065"," 0.5727081802678345"," 0.7399677692373784"," 0.904405863846267"," 0.7209220636018361"," 0.1350586271292069"," 0.3398993996260813"
"10","10.0"," 0.6812768303026849"," 0.23112275607011867"," 0.29549524250715165"," 0.13692006265974355"," 0.14269016161394654"," 0.09288891416443901"," 0.7998359190386306"," 0.15842367451246464"," 0.38202153472332734"," 0.9215669237935238"
"1","1.0"," 0.7160234503935241"," 0.1930249226143428"," 0.7487215197201397"," 0.041761689467618934"," 0.009808703014128284"," 0.6768859199349501"," 0.9899832053904217"," 0.38000955705098904"," 0.5217544214459231"," 0.2760257426415116"
"2","2.0"," 0.6367371367834261"," 0.9527143003502216"," 0.8873518011094853"," 0.8211433265179916"," 0.13906013083331803"," 0.20393972068453514"," 0.9024122938250371"," 0.27109984414438326"," 0.3083990451908132"," 0.4978059354478762"
"3","3.0"," 0.761482472699855"," 0.7669269840476345"," 0.6508653056843022"," 0.4054885040662993"," 0.5977426061820142"," 0.6803658414145795"," 0.3359982451080755"," 0.5757439171372226"," 0.6993506702868593"," 0.6124809871397192"
"4","4.0"," 0.01089686365217335"," 0.5461094484838005"," 0.20385787628985919"," 0.19962665151932124"," 0.25911794362774865"," 0.3440348903314916"," 0.5989593869344059"," 0.5077882692958717"," 0.6801284638467865"," 0.06522664147179413"
"5","5.0"," 0.4616634733094701"," 0.5443766628603155"," 0.5966667847097136"," 6.923187329638258E-4"," 0.1407802953741153"," 0.9779564407592212"," 0.4384830095889205"," 0.9057295583073467"," 0.1998289310445821"," 0.7273421707462633"
"6","6.0"," 0.2134121058137548"," 0.5146828823353369"," 0.13942710369577516"," 0.6464106249481397"," 0.5112639228997079"," 0.9724769780336067"," 0.9590506829836828"," 0.1452140516882101"," 0.5750649108793893"," 0.640090111259037"
"7","7.0"," 0.4922247703794951"," 0.8086895910409312"," 0.49173581976406244"," 0.7514862255130466"," 0.45474726851983804"," 0.40016914559210537"," 0.6228663565613396"," 0.5335197736808156"," 0.7469119611454154"," 0.986129978585902"
"8","8.0"," 0.3690669698571487"," 0.8535664784784217"," 0.7127391290891703"," 0.2361419893405755"," 0.36133574148491976"," 0.5058876023465397"," 0.67263149898709"," 0.9377961761366242"," 0.3994080875686439"," 0.1703722034569618"
"9","9.0"," 0.24472185845119077"," 0.5777365906577198"," 0.21317773680876329"," 0.2604498933860103"," 0.604758609245118"," 0.9688555150257462"," 0.5261994478081525"," 0.18192851180002734"," 0.46654422969022424"," 0.9213675762699096"
"10","10.0"," 0.8673808979750554"," 0.634001240942594"," 0.17825246710309706"," 0.613819315708595"," 0.17280765356728478"," 0.023313612436674624"," 0.7798235467115726"," 0.2616189034841603"," 0.17722442921377468"," 0.11128959253999227"
"1","1.0"," 0.05732024487672638"," 0.14528294218010285"," 0.5097798849983194"," 0.7421519938105179"," 0.7697176466484656"," 0.08523060175408581"," 0.6046931591364482"," 0.42957588881031183"," 0.6785605082225014"," 0.7500133462360308"
"2","2.0"," 0.4188441090239392"," 0.9522954231311767"," 0.13460736441965615"," 0.5169267819288419"," 0.8411023673354928"," 0.2194473988033273"," 0.8796404285214324"," 0.038296528106134375"," 0.8536020885589443"," 0.3633666467718337"
"3","3.0"," 0.6638908928477129"," 0.5507542394375743"," 0.960062258366009"," 0.29011711731008727"," 0.7335252376720278"," 0.472258205577751"," 0.74203945533104"," 0.9491116140062611"," 0.7201166145458149"," 0.17801707272342515"
"4","4.0"," 0.44230484201078124"," 0.5921355640339742"," 0.3647062021677707"," 0.6754573821191792"," 0.018768100557861378"," 0.5266276959566546"," 0.0929459255723557"," 0.48674367640306215"," 0.025518552576634712"," 0.05907080013988575"
"5","5.0"," 0.034324218157023245"," 0.9696663328927743"," 0.15446832537946675"," 0.9575571471177616"," 0.008821147955370034"," 0.8275615315428505"," 0.9998297826476306"," 0.45667937170661244"," 0.6697291308418599"," 0.5611773608223541"
"6","6.0"," 0.5936452052084213"," 0.5601915201031522"," 0.517746387847633"," 0.44873291921435754"," 0.06495272681982378"," 0.22267782991476348"," 0.13547253084176425"," 0.4250884937517423"," 0.49168972725402493"," 0.9002198751494335"
"7","7.0"," 0.6364441573443652"," 0.35368660688390585"," 0.9844953583534028"," 0.3704812528802506"," 0.562410537728537"," 0.9936152145449554"," 0.3726378778003627"," 0.17836027059930082"," 0.173112585713169"," 0.6446136090911442"
"8","8.0"," 0.7997191772797444"," 0.35041631350148494"," 0.23158365956931204"," 0.3723260394234106"," 0.4165107968167232"," 0.09932295813658754"," 0.8706815494472903"," 0.718007997894642"," 0.36712740265488375"," 0.8874832331066221"
"9","9.0"," 0.4464979965825131"," 0.6213764833767934"," 0.9457384725755815"," 0.30484551028375684"," 0.8030304303356073"," 0.9719823765899684"," 0.8053241237822292"," 0.4753586741051765"," 0.03283669148039514"," 0.8736360488760095"
"10","10.0"," 0.6340202226665688"," 0.0650196801338091"," 0.023873084158060887"," 0.2640202230741203"," 0.620707808735197"," 0.5516288703108114"," 0.8763668846619894"," 0.3144175106236379"," 0.36547313731443665"," 0.19788249177862904"
"1","1.0"," 0.07255227199982617"," 0.040833873897486606"," 0.14941637566294708"," 0.5264977184239931"," 0.9751918737052969"," 0.053700490809915125"," 0.0772285946193928"," 0.42251935529696016"," 0.07917215877581352"," 0.4268744296516004"
"2","2.0"," 0.13353773979976202"," 0.3276990967301482"," 0.9543803239415899"," 0.6409450248168264"," 0.3913282175343713"," 0.5462202287938382"," 0.6095606032331817"," 0.9106977435545457"," 0.20534638276879813"," 0.5053023228986162"
"3","3.0"," 0.6591767440776719"," 0.6718671249887462"," 0.5020506372867972"," 0.8183751023604116"," 0.12236407038359931"," 0.5738137186669916"," 0.0066432405850441745"," 0.8173106168552207"," 0.43628956766838367"," 0.3383244485329008"
"4","4.0"," 0.3084917391745763"," 0.560924785313898"," 0.8588719138031592"," 0.4619579707672504"," 0.07549236698217343"," 0.863453448118111"," 0.19861420544587394"," 0.9001102471448008"," 0.6830867566417422"," 0.4085588565011573"
"5","5.0"," 0.05689389498000641"," 0.21486223023289042"," 0.6612516015682941"," 0.9478748383936559"," 0.18819235147732793"," 0.9235447751720015"," 0.45629975862681416"," 0.6963443663005119"," 0.24243445011335163"," 0.4292097726570131"
"6","6.0"," 0.9196244889994385"," 0.6195918277312906"," 0.913519818522375"," 0.790039427384017"," 0.17767771957544798"," 0.680337465370786"," 0.8970069066511217"," 0.9751764889189101"," 0.48856417269457664"," 0.9890323722948358"
"7","7.0"," 0.8583705727733032"," 0.847867508008141"," 0.9846682768186112"," 0.3228902668552164"," 0.2983786958713359"," 0.5521201340866008"," 0.7349479444928113"," 0.9350029880917939"," 0.006708287974128591"," 0.8769138627451746"
"8","8.0"," 0.3405503885468286"," 0.010748092436466683"," 0.36123780720101395"," 0.6151298602017564"," 0.4168825841487843"," 0.08136947439565834"," 0.8734896585794312"," 0.11048758374150236"," 0.46163731749489"," 0.5710003577050213"
"9","9.0"," 0.3882799765825481"," 0.15987659073414295"," 0.9746250706343723"," 0.6937931279476028"," 0.03928321203484186"," 0.7797347400440999"," 0.1967273021468089"," 0.20962766843264047"," 0.676398086802006"," 0.013482181359639855"
"10","10.0"," 0.028892334576243184"," 0.2137812311191385"," 0.28384572330123137"," 0.4765311067648518"," 0.22931489581964193"," 0.8435657687174125"," 0.41645472571396147"," 0.04152257406030058"," 0.08030816961667697"," 0.22208116233287245"
"1","1.0"," 0.49075640795840425"," 0.8485247219936174"," 0.5339852733737349"," 0.06651735794053504"," 0.8241280354601959"," 0.2993863909808572"," 0.36043235308748023"," 0.024460521426527104"," 0.6628259496583271"," 0.24472616080712517"
"2","2.0"," 0.6974364011532502"," 0.13819660689439706"," 0.5297932482590211"," 0.39797997504926585"," 0.0994468393588328"," 0.34297707092602525"," 0.04436108009817963"," 0.8426347099476886"," 0.13793643591369464"," 0.353390127614147"
"3","3.0"," 0.22721758845540296"," 0.13396048920824888"," 0.5992440124842034"," 0.8532742769785906"," 0.22238095307770156"," 0.18194896120368087"," 0.27194972813980833"," 0.3974967157032847"," 0.9255486764239941"," 0.8644411974214222"
"4","4.0"," 0.8771770392437844"," 0.5586910908894268"," 0.6997342960189522"," 0.06499924659811895"," 0.31968971885487263"," 0.08342879768360356"," 0.09725680018911798"," 0.7373266109937275"," 0.6754858026455506"," 0.978888988762857"
"5","5.0"," 0.896136624016728"," 0.30540141994841385"," 0.10380311418919319"," 0.2103528811951909"," 0.6152441881267459"," 0.887665950746942"," 0.060895877799395204"," 0.2370741080987404"," 0.687324422458344"," 0.949020187777526"
"6","6.0"," 0.912548935441856"," 0.3599805968398362"," 0.8552626988053895"," 0.9183535882046105"," 0.4046893129925313"," 0.04089238795839756"," 0.5701256519754165"," 0.0013867902960392753"," 0.31637981190522646"," 0.08783126775012462"
"7","7.0"," 0.8644508774000849"," 0.5008022979729065"," 0.8378809297420666"," 0.4539171765421074"," 0.5821705423457"," 0.828655331130154"," 0.7806492079616442"," 0.7813304425674177"," 0.1426516302478984"," 0.4253437565705107"
"8","8.0"," 0.107185543700271"," 0.9553179105607379"," 0.03043249803043957"," 0.7529009048000926"," 0.18907952561879227"," 0.9181251125672488"," 0.18490911393111775"," 0.4737126488410921"," 0.8988763156287181"," 0.34227581658369355"
"9","9.0"," 0.5995031126861893"," 0.0299073114005467"," 0.35430951615528206"," 0.8394676236483358"," 0.8760324117437537"," 0.8076901211118921"," 0.6140150190710469"," 0.6493728786329869"," 0.07346238622254053"," 0.4842465336528732"
"10","10.0"," 0.9660991944278013"," 0.30885207635925793"," 0.7058927707670423"," 0.11196797455733143"," 0.39919159652003156"," 0.2655246175790278"," 0.30875165758713563"," 0.20448718222003237"," 0.6441881018776472"," 0.5283147593167482"
"1","1.0"," 0.5950080905750836"," 0.5368703705426522"," 0.35359328667263334"," 0.5667429377743167"," 0.9515848572266037"," 0.5037135271318328"," 0.8127821839586602"," 0.6531169793802678"," 0.9396587979887566"," 0.864798014928369"
"2","2.0"," 0.2749946514382816"," 0.5453229964253509"," 0.9541713172053037"," 0.2615629452391032"," 0.04222203467725971"," 0.8849898831142233"," 0.6148232877990779"," 0.26851117029418925"," 0.057177671997073465"," 0.2163422326898854"
"3","3.0"," 0.715982094212858"," 0.7628952327145695"," 0.8441574696923865"," 0.6709935903987944"," 0.48699152454753525"," 0.5856800469322431"," 0.8802814559262225"," 0.8740919204954448"," 0.5263808070300184"," 0.17696855381276388"
"4","4.0"," 0.6978408239703554"," 0.721579597811932"," 0.35342944525020137"," 0.3974019388086725"," 0.3287371600913904"," 0.9786173088256207"," 0.7761733985411422"," 0.5885162080125854"," 0.8583547037500149"," 0.1725210618900862"
"5","5.0"," 0.6591860529279724"," 0.7348997764051691"," 0.46701509063035573"," 0.008298394840249412"," 0.22261656912524097"," 0.48436748782936745"," 0.38312483427316935"," 0.6108108487884393"," 0.8937637216993289"," 0.39415164821637183"
"6","6.0"," 0.5771336037176982"," 0.4413323192460099"," 0.1737016510148801"," 0.992084022534063"," 0.021304864483620234"," 0.6205625498837837"," 0.5922475102126552"," 0.5339134256968618"," 0.773731985961721"," 0.7443017021411716"
"7","7.0"," 0.7774497142850679"," 0.4432964951772099"," 0.6485550598753018"," 0.1627441386799161"," 0.9160139318844833"," 0.620014470977286"," 0.2317226674443047"," 0.5308295245312039"," 0.35136366849899814"," 0.7540112753383011"
"8","8.0"," 0.9058485090581427"," 0.22793570830272236"," 0.8200219264408138"," 0.002256735967361867"," 0.6733144692774046"," 0.11778193412290539"," 0.6856622079785556"," 0.2288704567419807"," 0.5236735065505774"," 0.807036148313453"
"9","9.0"," 0.36991779181775253"," 0.8327515774219785"," 0.7673150173381171"," 0.7972543664389364"," 0.8956937185932795"," 0.16443373837392083"," 0.5500621618670435"," 0.7264082102602907"," 0.3843662613064237"," 0.47430416495504146"
"10","10.0"," 0.13755642705914162"," 0.4415907440686766"," 0.021071435997966126"," 0.5319826141766765"," 0.24609331923755928"," 0.0933283091964161"," 0.8741068438769872"," 0.6722601907190459"," 0.6306077347331716"," 0.0964903521335152"
"1","1.0"," 0.9313739111171676"," 0.8507317472496668"," 0.2510837595695421"," 0.6069794661300791"," 0.4966623519026898"," 0.7743612218761282"," 0.6498958293747586"," 0.7066358400225721"," 0.3220740036710755"," 0.10675126157506976"
"2","2.0"," 0.1063419718652463"," 0.5725904647517194"," 0.31246805801646804"," 0.9622980648220747"," 0.7959423130018521"," 0.37176910978551037"," 0.6674505706915276"," 0.7886309638978579"," 0.3407277751121839"," 0.5610581748806427"
"3","3.0"," 0.028456987176349924"," 0.7395920477619459"," 0.3486645617172057"," 0.18418161777761155"," 0.11880679550684947"," 0.3722963750173678"," 0.9647316069582023"," 0.7352439703547899"," 0.5346483623237"," 0.37737897710813406"
"4","4.0"," 0.5167748560211443"," 0.5886028188254523"," 0.18443931300199834"," 0.7186715342276041"," 0.8807997982459871"," 0.9163327593303553"," 0.7816461924134773"," 0.3254338200429706"," 0.48944853344155403"," 0.11992412973685129"
"5","5.0"," 0.5085400055408318"," 0.2454258051917967"," 0.22786617091586647"," 0.506394295347695"," 0.01967457324648081"," 0.612157121052101"," 0.9027583151203451"," 0.864021913581311"," 0.23876060080518546"," 0.09528999892469325"
"6","6.0"," 0.529727587217749"," 0.3797652541862915"," 0.11555636448679174"," 0.5334098621605374"," 0.027484793934948182"," 0.5548424997669686"," 0.46193166478484127"," 0.9207786455518386"," 0.3072112729503689"," 0.8546162435049905"
"7","7.0"," 0.48892322738906924"," 0.36839163399940544"," 0.31119447784750254"," 0.5557253223063786"," 0.7322916080091925"," 0.6352098940251367"," 0.774168221514048"," 0.9092306255681263"," 0.3606314383678778"," 0.5082825775498708"
"8","8.0"," 0.6016298578950727"," 0.9575359623632302"," 0.6098523804418139"," 0.06150463907332404"," 0.22110285665420526"," 0.7607830880321428"," 0.2730858111668232"," 0.5061205555109132"," 0.5461259258527839"," 0.725782381750145"
"9","9.0"," 0.2158117526756126"," 0.6760152537681056"," 0.7640757134700213"," 0.5343974047180982"," 0.46451569901986045"," 0.5376491985196029"," 0.7677036248136065"," 0.6943426739476039"," 0.32576231816706913"," 0.5308892534147799"
"10","10.0"," 0.23490860448899442"," 0.6823159772099717"," 0.5510976208078416"," 0.3933271931614596"," 0.5798437791087225"," 0.3416687607079849"," 0.7495769150951573"," 0.824378848128554"," 0.5500805302750975"," 0.3178070885700923"
"1","1.0"," 0.35504387263256987"," 0.40561078274409357"," 0.7850179222202108"," 0.4115442290765422"," 0.33238696880364615"," 0.6650863712751827"," 0.3747330821903878"," 0.32024533982013426"," 0.2615422391379819"," 0.8517182166665312"
"2","2.0"," 0.02826943394266468"," 0.2866474730746954"," 0.9540236168625496"," 0.9317219592850653"," 0.7250609403449301"," 0.14255591186082983"," 0.47684846506023193"," 0.24973449614255128"," 0.547433588930098"," 0.9291408979405894"
"3","3.0"," 0.8256421893710387"," 0.2785930845071589"," 0.40873858145382036"," 0.2678898024472498"," 0.6794598584244401"," 0.5977508452920822"," 0.13223903256076108"," 0.9042259463728147"," 0.6584071998818981"," 0.7691598129394912"
"4","4.0"," 0.4553700914880032"," 0.9323049608615191"," 0.7604975775223144"," 0.7214597153596398"," 0.6400506372728745"," 0.5436027571001532"," 0.681370590359595"," 0.6168771688084544"," 0.8829473543525965"," 0.7467856446820172"
"5","5.0"," 0.7431735912048502"," 0.7110646453980659"," 0.4299369653898242"," 0.9399365850448258"," 0.5707382125911613"," 0.6805684178671175"," 0.5677885753126173"," 0.16976734421366602"," 0.8235878320958281"," 0.0036796648038868174"
"6","6.0"," 0.7013658130592081"," 0.5830986532731569"," 0.1919800154230603"," 0.285571123594623"," 0.6833245105839829"," 0.5055246961652023"," 0.37481218821562745"," 0.7488042698490075"," 0.29157334721875805"," 0.7994554675313633"
"7","7.0"," 0.870062503939952"," 0.2489662172246625"," 0.5457411803669783"," 0.4464270767623064"," 0.5145422309284517"," 0.7354874603417886"," 0.4760036619115422"," 0.3244314959993658"," 0.6574638767762765"," 0.07104438642412758"
"8","8.0"," 0.6472755492950188"," 0.3151858924081984"," 0.060611801431532775"," 0.5891123931775971"," 0.9088325569381938"," 0.7397283941181364"," 0.4520485032182572"," 0.6534903101100165"," 0.5092708532132948"," 0.5305580398189009"
"9","9.0"," 0.9012868086551962"," 0.02785661732410538"," 0.032268068679464856"," 0.6769125727367383"," 0.379822604088319"," 0.2308087426771449"," 0.45151600606488207"," 0.0763630607515936"," 0.5508613559147753"," 0.5190180097479083"
"10","10.0"," 0.1261602335099008"," 0.1665483899996424"," 0.7937967958306547"," 0.5122138015054167"," 0.1137496914318622"," 0.994769323366726"," 0.713196345750727"," 0.1866653202084887"," 0.8761814417722826"," 0.6285878562816578"
"1","1.0"," 0.19991592644784473"," 0.39974712148374225"," 0.1928530201577271"," 0.6509158361531517"," 0.034480650807008684"," 0.8643394806004682"," 0.7713090688710752"," 0.19300156647300715"," 0.39376362990184677"," 0.4390148860724826"
"2","2.0"," 0.0336183404333793"," 0.109679915613623"," 0.7813990421010488"," 0.2631236985016375"," 0.20614817337800728"," 0.5160129894960009"," 0.8313589096633903"," 0.06323056518762027"," 0.16933844430848644"," 0.9145813086007583"
"3","3.0"," 0.9515623636209265"," 0.23460434012400033"," 0.49674573899764385"," 0.7575668025638567"," 0.821162582612127"," 0.4074318137121328"," 0.0036181766593661457"," 0.3665918971710973"," 0.3340385647313784"," 0.49036537929043766"
"4","4.0"," 0.7750342058324573"," 0.7869179088324975"," 0.8120651277048803"," 0.7628515425199923"," 0.6769464334747918"," 0.9872255091527942"," 0.6704860306594338"," 0.5516576375292125"," 0.05607782116838966"," 0.6513330873964932"
"5","5.0"," 0.36230301037609824"," 0.8678466847788546"," 0.18509374764413355"," 0.22512426690031706"," 0.3475343809109763"," 0.15789661853939585"," 0.04451948354383317"," 0.4930049334799841"," 0.5801070397241661"," 0.4000450189549085"
"6","6.0"," 0.012639080032153416"," 0.3594770953427019"," 0.17986057713594572"," 0.059390985394304985"," 0.7616404486806669"," 0.19916525287335785"," 0.8368923024618391"," 0.1833304799763006"," 0.33029653015286664"," 0.5856818408868636"
"7","7.0"," 0.9192652506773259"," 0.9670772495273006"," 0.6560184346237444"," 0.8735612483042009"," 0.7276343561258228"," 0.5436108175689254"," 0.8638566512164374"," 0.09222717213567089"," 0.08579228855154708"," 0.09154834377967658"
"8","8.0"," 0.01916240300232719"," 0.536759241518924"," 0.0830832852200235"," 0.9386967146996855"," 0.5433848378546917"," 0.13977175103792128"," 0.7136133984908072"," 0.026930714217647367"," 0.08105537385486039"," 0.4321668263365668"
"9","9.0"," 0.3912986609008413"," 0.786102324773325"," 0.49159992594762847"," 0.11464907020923731"," 0.37115033999394353"," 0.11545164431066912"," 0.15355133685920108"," 0.45414317485724554"," 0.15883843200347003"," 0.7668118591150701"
"10","10.0"," 0.09335448880687769"," 0.7415385263402412"," 0.2854082319364377"," 0.3150000373439237"," 0.0062678564307855344"," 0.8551088752762797"," 0.554894629124833"," 0.7476833670693651"," 0.2502949574543928"," 0.5115749266167143"
"1","1.0"," 0.025539295431898923"," 0.14348925917225552"," 0.10347991904669729"," 0.04506752194728458"," 0.4174505340814264"," 0.42660118267351255"," 0.9875484211910753"," 0.18829145773918432"," 0.05689211904310232"," 0.6394867181836146"
"2","2.0"," 0.36153307542336277"," 0.2092480882163883"," 0.8305877479311193"," 0.9222467478649913"," 0.3803109966734155"," 0.23542785288800705"," 0.6584663119210903"," 0.09691374165407485"," 0.0023169004802372495"," 0.750223830193256"
"3","3.0"," 0.13167846205726985"," 0.5103010132436185"," 0.43407660056492436"," 0.5363718066527009"," 0.7537006180089786"," 0.7825551001191058"," 0.9802485050670616"," 0.7132155979833326"," 0.23175105228368154"," 0.8312683327233508"
"4","4.0"," 0.09529744579516408"," 0.8735838420306851"," 0.7948675800936226"," 0.10697206327887465"," 0.07727040935884744"," 0.7566121554366678"," 0.21344407571774116"," 0.9805407115396803"," 0.8094306770876639"," 0.9589388007279479"
"5","5.0"," 0.9814298954736121"," 0.07430590586936447"," 0.6570956020787249"," 0.46975261476919006"," 0.06071890147210646"," 0.23931888075524665"," 0.8947760853511177"," 0.9391261374285759"," 0.6755605877248011"," 0.6316881056592953"
"6","6.0"," 0.28392125844627214"," 0.4763102142205601"," 0.9206918742662015"," 0.05098414624793124"," 0.33474474696419154"," 0.3798025801132159"," 0.3968372127060589"," 0.10986230013494014"," 0.08470195624492549"," 0.13022588673332125"
"7","7.0"," 0.28365599270346686"," 0.7104585870144724"," 0.6783868595877549"," 0.627301049667564"," 0.7568961331571893"," 0.5308551851031712"," 0.009839576754759993"," 0.6499425211242791"," 0.8850736961266265"," 0.4606022724370872"
"8","8.0"," 0.9981952374758378"," 0.5111988720286856"," 0.5550144599604503"," 0.9795660969126065"," 0.5806753956202031"," 0.9889793892761742"," 0.566581261823581"," 0.9537109007971775"," 0.2684726763246793"," 0.045417641592422564"
"9","9.0"," 0.7899760901958979"," 0.9450687154428818"," 0.15701599336486416"," 0.4283656573183583"," 0.0534371647135643"," 0.8044700997631157"," 0.8003420221701446"," 0.04305276946528647"," 0.383830318932047"," 0.6054940905930735"
"10","10.0"," 0.1804354675355807"," 0.9315562036376387"," 0.97381280491964"," 0.8246717746787502"," 0.36913292066586245"," 0.876346784567673"," 0.8139610592758256"," 0.057204554265959495"," 0.6709331220548599"," 0.6712213213916606"
"1","1.0"," 0.3443653604536002"," 0.40628072136521365"," 0.48381643011936226"," 0.2881255028599736"," 0.3012696590429954"," 0.6622909823063342"," 0.9026282224049298"," 0.9392262334427612"," 0.03369992189688509"," 0.15164549273519734"
"2","2.0"," 0.5768686471115619"," 0.3067304017247624"," 0.506533193609676"," 0.4933747083823138"," 0.6534785068133485"," 0.3074430192496912"," 0.11615297567946936"," 0.34478807342338635"," 0.1198227182277043"," 0.3352013386381073"
"3","3.0"," 0.24047883126739844"," 0.553082643586501"," 0.2398503175681601"," 0.15243905893959553"," 0.22203296340709533"," 0.11182141334859674"," 0.6144759254905071"," 0.7772204192239559"," 0.6119185451004254"," 0.46909578872425417"
"4","4.0"," 0.35823017642925925"," 0.7698617459530126"," 0.062189713092101195"," 0.48872827640829375"," 0.8294922397288248"," 0.7194006858541528"," 0.23793876383862222"," 0.35707367004717006"," 0.08632540618121598"," 0.540257753411165"
"5","5.0"," 0.822516571497163"," 0.8983753324072771"," 0.030497796870560645"," 0.11576638558534236"," 0.876746389040983"," 0.11238180331230907"," 0.4828226731243349"," 0.639807314775208"," 0.7976290607660202"," 0.031008751940482027"
"6","6.0"," 0.6982168042963511"," 0.2596060294624096"," 0.72279438906636"," 0.23532115270402199"," 0.8742391070548265"," 0.8488670750992368"," 0.514227007653083"," 0.08462399203583404"," 0.8035153556382143"," 0.5640304443247393"
"7","7.0"," 0.5581787746920066"," 0.1453627896870583"," 0.871868383787537"," 0.4574954848697611"," 0.3104661344449112"," 0.8200215344112847"," 0.18610315400094413"," 0.2794769739251546"," 0.9464915080864273"," 0.08448761512920722"
"8","8.0"," 0.8649456898537304"," 0.3160342101092828"," 0.47846208589577566"," 0.6696100473177695"," 0.06692522033155857"," 0.26495726103146944"," 0.7247182190772997"," 0.9551268608067786"," 0.32479330270573836"," 0.525092722225724"
"9","9.0"," 0.8189679755666189"," 0.25527545292722464"," 0.2973164507258811"," 0.7270889110958186"," 0.058481173889840865"," 0.16780049455393775"," 0.5929175185282087"," 0.7555153074239673"," 0.46972791865955066"," 0.434014974919569"
"10","10.0"," 0.5325276994432206"," 0.6542973436435608"," 0.6308536111679447"," 0.5257222157437831"," 0.6586683440526993"," 0.7802093134326393"," 0.36280725574077133"," 0.6883182788908406"," 0.40950518863287344"," 0.7869723544149326"
"1","1.0"," 0.794633411435623"," 0.7283452309208472"," 0.9331592641574373"," 0.5712203214153765"," 0.9892041183077738"," 0.6066000575223979"," 0.7421330587180289"," 0.7119152043097561"," 0.12108059143764205"," 0.6524565025396296"
"2","2.0"," 0.06051604505355357"," 0.8202148322697542"," 0.32199062103827636"," 0.4315841961024198"," 0.39323366411455274"," 0.6841277890725872"," 0.7755536293563587"," 0.9847564089168288"," 0.8966630189867918"," 0.7580119821533217"
"3","3.0"," 0.5270909250851091"," 0.9474895686262741"," 0.6700613621838885"," 0.9250072558257473"," 0.025120020788848563"," 0.1489426657564915"," 0.3636078344248914"," 0.2163101374753258"," 0.8584503271066845"," 0.6931859638492885"
"4","4.0"," 0.11330400677220753"," 0.8497350860427554"," 0.4512117261776456"," 0.06169976742950378"," 0.11229484736903106"," 0.48025677646425957"," 0.9164546127012408"," 0.3163710362448523"," 0.6654461005427581"," 0.5301193889029017"
"5","5.0"," 0.4156246011781316"," 0.20676112506504507"," 0.7493700362923377"," 0.9725167639730034"," 0.9528245288097428"," 0.14751187682343136"," 0.49906981807633966"," 0.13179027085519124"," 0.824801271616089"," 0.2699088988726771"
"6","6.0"," 0.8164546606288471"," 0.9870323683194722"," 0.14369836510080414"," 0.6246599392992644"," 0.4277609757765293"," 0.3032185922244136"," 0.2381895970841682"," 0.9757703814084706"," 0.1636907074534919"," 0.5896391113224555"
"7","7.0"," 0.6693023264093714"," 0.13542497637903528"," 0.7775131806768921"," 0.22523985921609824"," 0.26879229973292407"," 0.6691845614780867"," 0.003970791469948498"," 0.13824030047444857"," 0.8554280750660391"," 0.404314237340882"
"8","8.0"," 0.9021537092704109"," 0.40246372739475933"," 0.3828228655601458"," 0.8347317955460031"," 0.5351753701361095"," 0.17591137930362277"," 0.24499312965297704"," 0.9318544477442233"," 0.41000826003606117"," 0.1400395336511988"
"9","9.0"," 0.14316134353199872"," 0.26300969269998054"," 0.3120676671281618"," 0.691028283798734"," 0.5227920204537961"," 0.37674020119756857"," 0.22885494800802686"," 0.7124802560628128"," 0.4623657354845897"," 0.009188195930610377"
"10","10.0"," 0.6097044064410971"," 0.7979468850585858"," 0.17152709057252769"," 0.5275080152787849"," 0.10745986791110063"," 0.12442131029128012"," 0.2850184801284751"," 0.15255845797919265"," 0.9247117149084814"," 0.956647895172913"
"1","1.0"," 0.6459471611456002"," 0.09920681189736102"," 0.795426331504707"," 0.10032680331761046"," 0.1868407464345735"," 0.9929277734068271"," 0.9645677212502685"," 0.19798960436222957"," 0.21602022829264367"," 0.7691204098555289"
"2","2.0"," 0.647511771002729"," 0.329251905888598"," 0.6269960572851493"," 0.24724420863354435"," 0.329458053709867"," 0.27613310926646273"," 0.1278617743910393"," 0.9498977999226998"," 0.22171541105112313"," 0.24606919465450228"
"3","3.0"," 0.3399406179929767"," 0.7370613812268912"," 0.4776825202308702"," 0.7152286599592773"," 0.6670963037813898"," 0.45030843699654355"," 0.04453622436676252"," 0.36489816759674454"," 0.6232200427220047"," 0.8501521131400196"
"4","4.0"," 0.7038559819371644"," 0.6614298939121027"," 0.6318421618504712"," 0.5686369970733637"," 0.5526428612956025"," 0.9545515958063073"," 0.9182460082080635"," 0.2619669056803735"," 0.7654752088803747"," 0.5404244099970335"
"5","5.0"," 0.8072959696106534"," 0.0845067704259258"," 0.19581628395275352"," 0.6149014241833708"," 0.733120879994486"," 0.7486193854012255"," 0.6201895698565941"," 0.15974195686548776"," 0.8856080440797653"," 0.8697830149074062"
"6","6.0"," 0.683814395314148"," 0.5710615138913446"," 0.05643697487625743"," 0.4070585192815447"," 0.925359170456827"," 0.4596206156324225"," 0.40883506085207877"," 0.6325171131514469"," 0.3330737651245197"," 0.08968501924659411"
"7","7.0"," 0.6343713158945279"," 0.7873763195132691"," 0.10562189612266226"," 0.7750172289557216"," 0.8623122946878331"," 0.36296854280161106"," 0.12877777391260736"," 0.376533998731038"," 0.7402217965395205"," 0.9625106295054805"
"8","8.0"," 0.839220419193463"," 0.8565555176791787"," 0.7258666478206848"," 0.7049403425913021"," 0.18942411038044382"," 0.4575186575063961"," 0.012774277006528778"," 0.0020399433875751827"," 0.24149735837376318"," 0.2503337091070883"
"9","9.0"," 0.8989383837031627"," 0.9913142195608305"," 0.9446685595282022"," 0.5372957216924373"," 0.8120308642548937"," 0.3160977893240916"," 0.6287033618062424"," 0.9359347615547304"," 0.253936555799405"," 0.8257601763962694"
"10","10.0"," 0.6457136371400175"," 0.23229854768273306"," 0.53150584211592"," 0.19332745269881269"," 0.46441539656091846"," 0.13894888901031965"," 0.7974844271275743"," 0.4906446901024609"," 0.5764633381759712"," 0.8405768570008918"
"1","1.0"," 0.21176278041697694"," 0.7503725547978225"," 0.844415321593536"," 0.2722803362536007"," 0.5096580713863806"," 0.34637197864081193"," 0.3106079030214989"," 0.1816096579345785"," 0.4260293831054922"," 0.15622477818419767"
"2","2.0"," 0.0360210893767654"," 0.4703539036784562"," 0.8803689332862458"," 0.904962651536011"," 0.7565993527710575"," 0.6769545402362864"," 0.6726484469606235"," 0.9558284356406253"," 0.6678582938971327"," 0.8087217173294451"
"3","3.0"," 0.4472471482921673"," 0.03468648173045541"," 0.7002427213336165"," 0.9609631476598041"," 0.2677887159835005"," 0.8791368137696792"," 0.7406382461966116"," 0.9031369200392769"," 0.47764851128975616"," 0.646678385860261"
"4","4.0"," 0.07761886163236176"," 0.5352275934416085"," 0.1993483893829533"," 0.8682384301906992"," 0.17298662690166866"," 0.377654176699165"," 0.36526215362379644"," 0.0050146913126177806"," 0.31797426149891694"," 0.35979352094436867"
"5","5.0"," 0.45405941026176"," 0.8069465733081865"," 0.2388067420071971"," 0.7659096875563783"," 0.5717363562355842"," 0.9896552327297706"," 0.28236326446139914"," 0.8497284543951852"," 0.8130041158715994"," 0.5147895437647867"
"6","6.0"," 0.6882100573775813"," 0.3937003620644036"," 0.24008537425577614"," 0.8176712926207662"," 0.7968893547779821"," 0.5560474553722152"," 0.6091593997401027"," 0.833027854657023"," 0.11947046437495268"," 0.20571684296590698"
"7","7.0"," 0.7586355705073186"," 0.017293973395727802"," 0.9383481464274019"," 0.8016115017669014"," 0.004836362765893498"," 0.08044641888581539"," 0.03557169744053523"," 0.4156029811274782"," 0.7325208520522306"," 0.8321783465455573"
"8","8.0"," 0.30859623952530535"," 0.49547721061855576"," 0.681747317034573"," 0.41360949748359477"," 0.9165406290938309"," 0.4841517145912728"," 0.25241452603935577"," 0.36527498972063355"," 0.763815884653582"," 0.643654185298781"
"9","9.0"," 0.9405317627797977"," 0.5575905939932128"," 0.6463256805531925"," 0.22091676408183236"," 0.7988529432090303"," 0.6415800698511638"," 0.31408633519030693"," 0.8343021386429188"," 0.9029506580508909"," 0.9879483153449223"
"10","10.0"," 0.06660335296904973"," 0.24892865438457035"," 0.3015473826090843"," 0.6655476411044439"," 0.7485453855126827"," 0.11285169095874215"," 0.48108214174012376"," 0.3111762632436521"," 0.1895784232461899"," 0.912961936391897"
"1","1.0"," 0.7114589518356492"," 0.47243414552692475"," 0.36233402702179884"," 0.3061600957902165"," 0.22303070743233255"," 0.4554070947134272"," 0.2507841159298454"," 0.9280630478360421"," 0.934186852006417"," 0.316876579861631"
"2","2.0"," 0.3250888930689515"," 0.5807752184899219"," 0.4996819783707821"," 0.9036980066752616"," 0.64139126813841"," 0.7670945425920885"," 0.7594332850958961"," 0.2551979229772128"," 0.500988476189494"," 0.5735568715546002"
"3","3.0"," 0.05132561136044622"," 0.42806964475276255"," 0.7366297132701933"," 0.13647875466952952"," 0.9665734378768366"," 0.5170379915216775"," 0.37407517820204306"," 0.7970465905789313"," 0.8647927418959833"," 0.8063859775486314"
"4","4.0"," 0.5900336992953644"," 0.5571706116882771"," 0.9889212624355175"," 0.760170456917762"," 0.5259224214511972"," 0.27407979683784744"," 0.05480857623388069"," 0.6397273931600329"," 0.5322715722378801"," 0.02170166490616876"
"5","5.0"," 0.5195936465609773"," 0.9381866535944776"," 0.6132278364207878"," 0.9483917769362721"," 0.10063248698073624"," 0.4670674456104785"," 0.3782974805958832"," 0.4122496300343924"," 0.6917795843699206"," 0.09554400763888626"
"6","6.0"," 0.18488921533873548"," 0.27771415544806477"," 0.0889129367418432"," 0.5580403830760107"," 0.026124288105816462"," 0.9885611908634687"," 0.09084492714086922"," 0.586219648620071"," 0.8725944947967299"," 0.5711709505389688"
"7","7.0"," 0.018069793796276823"," 0.5864599086725115"," 0.8288051547533664"," 0.8036212834358467"," 0.0698401152770104"," 0.3790364171392807"," 0.7526934326934529"," 0.9778269991618099"," 0.45921605653667275"," 0.7413048201320258"
"8","8.0"," 0.8983614155917365"," 0.3128325459008964"," 0.15130559515237207"," 0.24485933336642773"," 0.14144357506647875"," 0.7739036637802692"," 0.7275338341271468"," 0.08284027190568377"," 0.5187761571436046"," 0.13713389157114442"
"9","9.0"," 0.0886129708750969"," 0.5931631504010932"," 0.628314400314977"," 0.6142021280719999"," 0.4320859671304139"," 0.31560902944714764"," 0.01547100582037264"," 0.040864822299762626"," 0.2772064744163846"," 0.7514953409451446"
"10","10.0"," 0.8266984520917654"," 0.9986000995018419"," 0.2314764233152078"," 0.0632496875927091"," 0.8935663322140371"," 0.8262347587174733"," 0.9095517522628628"," 0.8991207564220152"," 0.11739762317968361"," 0.18365601740976079"
